source,item_id,item_name,review_id,review_title,review_text,rating,recommendation,review_date,author_id,author_name,verified_purchase,helpful_votes,funny_votes,playtime_forever,playtime_at_review,language,source_url,collected_at,raw_page_number,raw_cursor
amazon,B00TTD9BRC,,R3FP0Y00XU8B80,5.0 out of 5 stars Best moisturizer!,This moisturizer in the tub is great for my dry skin. I am out in the sun a great deal so I needed a rich moisturizer that did not feel so greasy. I have used this for a few months and I wont use any of my other creams. This makes my skin looks so healthy and soft. I love it!,5.0,,"Reviewed in the United States on May 18, 2026",,MiamiMom,True,0,,,,,https://www.amazon.com/product-reviews/B00TTD9BRC/?reviewerType=all_reviews,2026-06-27T17:26:35.229095+00:00,,
amazon,B00TTD9BRC,,R3MSAB46QQCR8Z,5.0 out of 5 stars Keeps my face fresh and clean,Love this,5.0,,"Reviewed in the United States on June 25, 2026",,Angie rosario,True,0,,,,,https://www.amazon.com/product-reviews/B00TTD9BRC/?reviewerType=all_reviews,2026-06-27T17:26:35.229654+00:00,,
amazon,B00TTD9BRC,,R1XU3A8HDOFVP5,5.0 out of 5 stars Good product,It works very well does what it’s supposed to,5.0,,"Reviewed in the United States on June 19, 2026",,Mdb,True,0,,,,,https://www.amazon.com/product-reviews/B00TTD9BRC/?reviewerType=all_reviews,2026-06-27T17:26:35.230094+00:00,,
amazon,B00TTD9BRC,,R1S4TU7ZGL4RVS,5.0 out of 5 stars Works great!,I use this product as a lotion for my whole body. It has kept my eczema flares down. I use it after every shower and at night.,5.0,,"Reviewed in the United States on June 6, 2026",,Joie McLaurin,True,0,,,,,https://www.amazon.com/product-reviews/B00TTD9BRC/?reviewerType=all_reviews,2026-06-27T17:26:35.230527+00:00,,
amazon,B00TTD9BRC,,R38FUM633XPAV0,5.0 out of 5 stars The best moisturizer,My go to cream in a convenient travel size.,5.0,,"Reviewed in the United States on June 17, 2026",,Hyacinth Wand,True,0,,,,,https://www.amazon.com/product-reviews/B00TTD9BRC/?reviewerType=all_reviews,2026-06-27T17:26:35.230953+00:00,,
amazon,B00TTD9BRC,,R2ID5F996DN63L,5.0 out of 5 stars Buy,Would definitely buy again,5.0,,"Reviewed in the United States on June 20, 2026",,Eddie’s Playlist,True,0,,,,,https://www.amazon.com/product-reviews/B00TTD9BRC/?reviewerType=all_reviews,2026-06-27T17:26:35.231372+00:00,,
amazon,B00TTD9BRC,,R3A8CP8BQJM01E,4.0 out of 5 stars Skin friendly moisturizer,One of my all time favourites skin moisturizer that I even use it as my face moisturizer. I wish it to be more fluidy or something that spreads easily in the skin.,4.0,,"Reviewed in the United States on June 9, 2026",,nila,True,0,,,,,https://www.amazon.com/product-reviews/B00TTD9BRC/?reviewerType=all_reviews,2026-06-27T17:26:35.231797+00:00,,
amazon,B00TTD9BRC,,R2TO2QVR7DLB5N,5.0 out of 5 stars Súper bueno,Es súper humectante perfecto para piel seca,5.0,,"Reviewed in the United States on June 17, 2026",,Alvaro Artiga,True,0,,,,,https://www.amazon.com/product-reviews/B00TTD9BRC/?reviewerType=all_reviews,2026-06-27T17:26:35.232289+00:00,,
amazon,B00TTD9BRC,,R7506HY8OKZJW,5.0 out of 5 stars Good packaging,"Thought the tube would be smaller which is a plus, very nice moisturizer",5.0,,"Reviewed in the United States on June 13, 2026",,Ali Campbell,True,0,,,,,https://www.amazon.com/product-reviews/B00TTD9BRC/?reviewerType=all_reviews,2026-06-27T17:26:35.232812+00:00,,
amazon,B00TTD9BRC,,R32GXG5S74LN4A,5.0 out of 5 stars Ive been using CeraVe Moisturizing Cream for some time and it never disappoints.,Ive been using CeraVe Moisturizing Cream for some time and it never disappoints.,5.0,,"Reviewed in the United States on June 14, 2026",,Maryleen Cruz,True,0,,,,,https://www.amazon.com/product-reviews/B00TTD9BRC/?reviewerType=all_reviews,2026-06-27T17:26:35.233234+00:00,,
amazon,B00TTD9BRC,,R4TE74M3AFKRV,4.0 out of 5 stars Great cream,Was hoping it was thicker. It hydrated skin immediately. I need something stronger. I have onion skin looking foa brand that saves my skin from ripping,4.0,,"Reviewed in the United States on June 12, 2026",,Maria CARBONE,True,0,,,,,https://www.amazon.com/product-reviews/B00TTD9BRC/?reviewerType=all_reviews,2026-06-27T17:26:35.243690+00:00,,
amazon,B00TTD9BRC,,R2XFJ7RD68E4W0,5.0 out of 5 stars Exelente,Exelente se lo compré para mi hija de 14 años,5.0,,"Reviewed in the United States on June 14, 2026",,Mishelle Stefanie Vera Calle,True,0,,,,,https://www.amazon.com/product-reviews/B00TTD9BRC/?reviewerType=all_reviews,2026-06-27T17:26:35.244290+00:00,,
amazon,B00TTD9BRC,,R3DPCTSXFBBUOV,5.0 out of 5 stars Best moisturizer cream,"I have tried so many moisturizing creams, but this is the best I ever found. It really does soften your skin and lasts a long time. Also got the lotion but I find the cream works better for me. Get this you won't be disappointed.",5.0,,"Reviewed in the United States on May 21, 2026",,Kindle Customer,True,0,,,,,https://www.amazon.com/product-reviews/B00TTD9BRC/?reviewerType=all_reviews,2026-06-27T17:26:35.244723+00:00,,
amazon,B00TTD9BRC,,R1OG8LOBWC2U47,5.0 out of 5 stars Piel de bebé,"la uso de dia y en la noche, en cara y cuerpo y se siente muy suave e hidratada, tiene buena absorción y no deja la piel aceitosa, no tiene olor y eso me encanta pues no interfiere con ningún perfume q use",5.0,,"Reviewed in the United States on May 22, 2026",,Arasahi Figueiras,True,0,,,,,https://www.amazon.com/product-reviews/B00TTD9BRC/?reviewerType=all_reviews,2026-06-27T17:26:35.245233+00:00,,
amazon,B00TTD9BRC,,R2WDU12FN2AXCP,5.0 out of 5 stars Gentle and feel nice,This feels great on my skin and its gentle on sensitive skin.,5.0,,"Reviewed in the United States on June 12, 2026",,Yanya,True,0,,,,,https://www.amazon.com/product-reviews/B00TTD9BRC/?reviewerType=all_reviews,2026-06-27T17:26:35.245656+00:00,,
amazon,B00TTD9BRC,,R1PTI9QQAUJ7MO,5.0 out of 5 stars Me encanto,Muy buen producto,5.0,,"Reviewed in the United States on June 18, 2026",,Ignacio de j arias c,True,0,,,,,https://www.amazon.com/product-reviews/B00TTD9BRC/?reviewerType=all_reviews,2026-06-27T17:26:35.246143+00:00,,
amazon,B00TTD9BRC,,RA917021QDNN8,5.0 out of 5 stars Thicker moisturizer for dry skin,"This product was recommended by my dermatologist for my son’s dry skin. I have bought it multiple times now as it’s a thicker consistency, but not greasy, and honestly really works to resolve dry skin. I’ve been using it myself for my hands (or other areas) in the winter or when they feel dry… my hands always feel better after using this product. I don’t feel like I have to constantly reapply (like lotion) to resolve the dryness. Definitely recommend.",5.0,,"Reviewed in the United States on May 2, 2026",,Lisa,True,0,,,,,https://www.amazon.com/product-reviews/B00TTD9BRC/?reviewerType=all_reviews,2026-06-27T17:26:35.246578+00:00,,
amazon,B00TTD9BRC,,R1RND0V194P555,5.0 out of 5 stars i like to be a slug at night,"Pros and Cons -I CAN SLATHER IT ON MY FACE EVERY NIGHT AND WAKE UP WITH PERFECT SKIN AND NO ACNE. -No pump, so wash your hands before you dip your lil greasy paws into the tub and ruin it. -consistency is so thick, so you don't need too much (unless you want to be a slug at night, which I very much recommend.) -very easy to use, duh.",5.0,,"Reviewed in the United States on May 11, 2026",,Blue,True,3,,,,,https://www.amazon.com/product-reviews/B00TTD9BRC/?reviewerType=all_reviews,2026-06-27T17:26:35.247005+00:00,,
amazon,B00TTD9BRC,,R34DFTBV29CHRE,5.0 out of 5 stars Works well not greasy.,Works well. Absorbs in the skin and leaves no residue or greasy feeling. It is good for my skin Dr. recommended to me.,5.0,,"Reviewed in the United States on June 3, 2026",,Terry Moody,True,0,,,,,https://www.amazon.com/product-reviews/B00TTD9BRC/?reviewerType=all_reviews,2026-06-27T17:26:35.247439+00:00,,
amazon,B00TTD9BRC,,R1Z1P28PEOOG7B,5.0 out of 5 stars Great,Great moisturizer for dry skin/eczema,5.0,,"Reviewed in the United States on June 14, 2026",,Kindle Customer,True,0,,,,,https://www.amazon.com/product-reviews/B00TTD9BRC/?reviewerType=all_reviews,2026-06-27T17:26:35.247857+00:00,,
amazon,B00TTD9BRC,,R3K1RW23ASSAT1,5.0 out of 5 stars Love it,One of my skin care line ups,5.0,,"Reviewed in the United States on June 13, 2026",,Dawn Sims,True,0,,,,,https://www.amazon.com/product-reviews/B00TTD9BRC/?reviewerType=all_reviews,2026-06-27T17:26:35.256780+00:00,,
amazon,B00TTD9BRC,,R2KKNQT7IBJNC1,4.0 out of 5 stars Nice moisturizer,Great value,4.0,,"Reviewed in the United States on June 19, 2026",,Mary,True,0,,,,,https://www.amazon.com/product-reviews/B00TTD9BRC/?reviewerType=all_reviews,2026-06-27T17:26:35.257205+00:00,,
amazon,B00TTD9BRC,,R1LDELKVL2JSN2,5.0 out of 5 stars Good stuff!,The cream was recommended by my dermatologist for dry skin. I have found it also relieves exema. This larger size works with the pump I had from a slightly smaller size.,5.0,,"Reviewed in the United States on May 26, 2026",,DD,True,0,,,,,https://www.amazon.com/product-reviews/B00TTD9BRC/?reviewerType=all_reviews,2026-06-27T17:26:35.257641+00:00,,
amazon,B00TTD9BRC,,R2QNX06ZZJ8UHW,5.0 out of 5 stars Nice,It is one of the best cream,5.0,,"Reviewed in the United States on June 11, 2026",,Valeriy,True,0,,,,,https://www.amazon.com/product-reviews/B00TTD9BRC/?reviewerType=all_reviews,2026-06-27T17:26:35.258065+00:00,,
amazon,B00TTD9BRC,,R3EHST11KN2U3I,5.0 out of 5 stars Great Cerave product,"This has been a staple for my family for years. Really hydrating without causing any irritation. We use it for hands, body and face mostly. Absorbs very quickly without feeling heavy or sticky. Cerave makes great products.",5.0,,"Reviewed in the United States on May 22, 2026",,Tyler Zobel,True,0,,,,,https://www.amazon.com/product-reviews/B00TTD9BRC/?reviewerType=all_reviews,2026-06-27T17:26:35.258489+00:00,,
amazon,B00TTD9BRC,,R24PNUMFUB3ZG,5.0 out of 5 stars Love this cream,It moisturizes w/o feeling sticky,5.0,,"Reviewed in the United States on June 13, 2026",,Cass Millions,True,0,,,,,https://www.amazon.com/product-reviews/B00TTD9BRC/?reviewerType=all_reviews,2026-06-27T17:26:35.259041+00:00,,
amazon,B00TTD9BRC,,RHLEQD3ABDNGJ,5.0 out of 5 stars Value for money.,I like the feel and texture only skin. It is light and you can feel the softness on application.works well for dry skin.,5.0,,"Reviewed in the United States on May 31, 2026",,MSBrown,True,0,,,,,https://www.amazon.com/product-reviews/B00TTD9BRC/?reviewerType=all_reviews,2026-06-27T17:26:35.259474+00:00,,
amazon,B00TTD9BRC,,R2JNEI1F4HB0UA,5.0 out of 5 stars Perfect for dry skin.,"My dermatologist recommended this. I’m glad he did. I’m 70 and I had, past tense, itchy skin. I live in Utah, where the area is extremely dry.At first I had to get used to a cream instead of a lotion, but this is well worth learning to use a cream. I’m never going back to lotions.",5.0,,"Reviewed in the United States on May 11, 2026",,MaryJane,True,1,,,,,https://www.amazon.com/product-reviews/B00TTD9BRC/?reviewerType=all_reviews,2026-06-27T17:26:35.259866+00:00,,
amazon,B00TTD9BRC,,R3ELQ7MALI8RUD,5.0 out of 5 stars PERFECT!,"My favorite daily face cream, thick but absorbs fast, fights wrinkles, non-oily, discreet fresh scent, and lasts forever!",5.0,,"Reviewed in the United States on June 6, 2026",,Ingrid L. Czichomski,True,4,,,,,https://www.amazon.com/product-reviews/B00TTD9BRC/?reviewerType=all_reviews,2026-06-27T17:26:35.260238+00:00,,
amazon,B00TTD9BRC,,R1P7H9TX464UN9,4.0 out of 5 stars Not greasy,Not greasy. Good moisturizer.,4.0,,"Reviewed in the United States on June 15, 2026",,Amazon Customer,True,0,,,,,https://www.amazon.com/product-reviews/B00TTD9BRC/?reviewerType=all_reviews,2026-06-27T17:26:35.260658+00:00,,
