source,app_name,item_id,package_id,item_name,review_id,review_title,review_text,rating,recommendation,review_date,author_id,author_name,verified_purchase,helpful_votes,funny_votes,playtime_forever,playtime_at_review,app_version,language,country,developer_response,developer_response_date,source_url,collected_at,raw_page_number,raw_cursor
apple_app_store,YouTube,544007664,,,14252879331,Downhill,59 seconds into a video and there’s 3 back to back ads along with 10 other ad breaks throughout a video. The ads sometimes end up being longer than the video. Actually INSANE and pretty much unwatchable now. Way to go and ruin something good for greed.,1.0,,2026-07-02T01:46:09-07:00,,Blondie11197,,0,,,,21.26.4,en,us,,,https://itunes.apple.com/us/rss/customerreviews/page=1/id=544007664/sortby=mostrecent/json?l=en,2026-07-03T12:35:58.355682+00:00,1,
apple_app_store,YouTube,544007664,,,14252865883,Yokai,Music,5.0,,2026-07-02T01:40:45-07:00,,Manta-mizuki,,0,,,,21.26.4,en,us,,,https://itunes.apple.com/us/rss/customerreviews/page=1/id=544007664/sortby=mostrecent/json?l=en,2026-07-03T12:35:58.355697+00:00,1,
apple_app_store,YouTube,544007664,,,14252863975,تقييمي,ممتاز,5.0,,2026-07-02T01:40:00-07:00,,Elmadhun,,0,,,,21.26.4,en,us,,,https://itunes.apple.com/us/rss/customerreviews/page=1/id=544007664/sortby=mostrecent/json?l=en,2026-07-03T12:35:58.355704+00:00,1,
apple_app_store,YouTube,544007664,,,14252843168,Too many ads,Clearly making ads more annoying to promote their subscription service,1.0,,2026-07-02T01:31:34-07:00,,Trident_FREAK,,0,,,,21.26.4,en,us,,,https://itunes.apple.com/us/rss/customerreviews/page=1/id=544007664/sortby=mostrecent/json?l=en,2026-07-03T12:35:58.355710+00:00,1,
apple_app_store,YouTube,544007664,,,14252812192,Removal of dislike button,What is it that makes YouTube wanting to remove the dislike button from shorts?,1.0,,2026-07-02T01:18:55-07:00,,R1234Gos,,0,,,,21.26.4,en,us,,,https://itunes.apple.com/us/rss/customerreviews/page=1/id=544007664/sortby=mostrecent/json?l=en,2026-07-03T12:35:58.355715+00:00,1,
apple_app_store,YouTube,544007664,,,14252746597,Looks like they fixed the bug autoplaying videos as soon as the app opens,Subtracting a star for autotranslated titles making it very hard to know a video’s language. There should be an option to not do that.,4.0,,2026-07-02T00:52:12-07:00,,Brentus,,0,,,,21.26.4,en,us,,,https://itunes.apple.com/us/rss/customerreviews/page=1/id=544007664/sortby=mostrecent/json?l=en,2026-07-03T12:35:58.355720+00:00,1,
apple_app_store,YouTube,544007664,,,14252727314,Proprietary,"Proprietary malware, I’d rather use invidious.",1.0,,2026-07-02T00:44:23-07:00,,mmmm chip,,0,,,,21.26.4,en,us,,,https://itunes.apple.com/us/rss/customerreviews/page=1/id=544007664/sortby=mostrecent/json?l=en,2026-07-03T12:35:58.355725+00:00,1,
apple_app_store,YouTube,544007664,,,14252661622,Title text issue,"Dark mode is not showing titles In white so it’s
Not visible to see titles",1.0,,2026-07-02T00:17:49-07:00,,brandokiA,,0,,,,21.26.4,en,us,,,https://itunes.apple.com/us/rss/customerreviews/page=1/id=544007664/sortby=mostrecent/json?l=en,2026-07-03T12:35:58.355730+00:00,1,
apple_app_store,YouTube,544007664,,,14252602955,The liked shorts/ videos glitch,"It’s doing the liked shorts thing but when I scroll down it only shows a few videos, like it shows videos and when I scroll down and it loads and it doesn’t show",1.0,,2026-07-01T23:53:58-07:00,,on this new update?,,0,,,,21.26.4,en,us,,,https://itunes.apple.com/us/rss/customerreviews/page=1/id=544007664/sortby=mostrecent/json?l=en,2026-07-03T12:35:58.355734+00:00,1,
apple_app_store,YouTube,544007664,,,14252600674,it’s the best,It is the best app on my phone like I’m saying the best you can comment and subscribe and like it’s the best I recommend downloading 𝗂𝖳.,5.0,,2026-07-01T23:53:04-07:00,,bestest app ever ￼,,0,,,,21.26.4,en,us,,,https://itunes.apple.com/us/rss/customerreviews/page=1/id=544007664/sortby=mostrecent/json?l=en,2026-07-03T12:35:58.355739+00:00,1,
apple_app_store,YouTube,544007664,,,14252572083,Removed dislike button,Why did you guys remove the dislike button on shorts? How are we supposed to filter out garbage we don’t want to see? YouTube keeps taking steps backward instead of progressing to be better.,2.0,,2026-07-01T23:41:26-07:00,,LSSJ44,,0,,,,21.26.4,en,us,,,https://itunes.apple.com/us/rss/customerreviews/page=1/id=544007664/sortby=mostrecent/json?l=en,2026-07-03T12:35:58.355744+00:00,1,
apple_app_store,YouTube,544007664,,,14252519532,Freezing too much.,"Every time I watch a video since the last 2 updates, it freezes during the video. I can even close the app and return to it, close the video and reopen it, or just rewind and play and it always freezes.",3.0,,2026-07-01T23:19:54-07:00,,Megacookielover,,0,,,,21.26.4,en,us,,,https://itunes.apple.com/us/rss/customerreviews/page=1/id=544007664/sortby=mostrecent/json?l=en,2026-07-03T12:35:58.355748+00:00,1,
apple_app_store,YouTube,544007664,,,14252504129,Making money,I do get a lot of views and wish the requirements for making money could be lower than 500 subscribers and the watch time as long as advertisements are added to videos 3X+. Thanks.,4.0,,2026-07-01T23:13:37-07:00,,Icela Alice,,0,,,,21.26.4,en,us,,,https://itunes.apple.com/us/rss/customerreviews/page=1/id=544007664/sortby=mostrecent/json?l=en,2026-07-03T12:35:58.355752+00:00,1,
apple_app_store,YouTube,544007664,,,14252478753,LOVE IT but WHERE DID THE DISLIKE BUTTON GO,"I love YT but recently, the dislike button for some reason is no longer on my videos I watch. If I don’t like a video, I can’t tell YouTube’s algorithm and those kinds of video will only be pushed. I understand there is other ways like “Don’t recommend this channel” but Dislike was so much easier and quicker,plus it made sense",4.0,,2026-07-01T23:03:06-07:00,,@Pokeart_offical,,0,,,,21.26.4,en,us,,,https://itunes.apple.com/us/rss/customerreviews/page=1/id=544007664/sortby=mostrecent/json?l=en,2026-07-03T12:35:58.355757+00:00,1,
apple_app_store,YouTube,544007664,,,14252452429,The Best,Duh,5.0,,2026-07-01T22:52:18-07:00,,thank you ever so very much,,0,,,,21.26.4,en,us,,,https://itunes.apple.com/us/rss/customerreviews/page=1/id=544007664/sortby=mostrecent/json?l=en,2026-07-03T12:35:58.355761+00:00,1,
apple_app_store,YouTube,544007664,,,14252438471,WTH is wrong with the app??,"Ever since yesterday, the app has been formatted very strangely. I tried deleting the app and reinstalling it, but that did not fix the issues for very long. YouTube genuinely needs to fix their app.",1.0,,2026-07-01T22:46:30-07:00,,WaterHat623,,0,,,,21.26.4,en,us,,,https://itunes.apple.com/us/rss/customerreviews/page=1/id=544007664/sortby=mostrecent/json?l=en,2026-07-03T12:35:58.355766+00:00,1,
apple_app_store,YouTube,544007664,,,14252420140,Ads,"This is honestly getting ridiculous and your greed sickens me, first it was years ago you added multiple ads and now you have made it where the skip button only skips to the next ad, this is a new low even for you",1.0,,2026-07-01T22:39:15-07:00,,unknown Shadow630,,0,,,,21.26.4,en,us,,,https://itunes.apple.com/us/rss/customerreviews/page=1/id=544007664/sortby=mostrecent/json?l=en,2026-07-03T12:35:58.355770+00:00,1,
apple_app_store,YouTube,544007664,,,14252412563,It’s YouTube. Of course it’s amazing,"I love my YouTube channel and I love all the features like posts and playlists. Though some of the users are….interesting, I still enjoy YouTube a lot.",5.0,,2026-07-01T22:36:07-07:00,,Cartwrightnation,,0,,,,21.26.4,en,us,,,https://itunes.apple.com/us/rss/customerreviews/page=1/id=544007664/sortby=mostrecent/json?l=en,2026-07-03T12:35:58.355774+00:00,1,
apple_app_store,YouTube,544007664,,,14252404241,Dislike,They removed the dislike on shorts.,2.0,,2026-07-01T22:32:46-07:00,,Nephilim code,,0,,,,21.26.4,en,us,,,https://itunes.apple.com/us/rss/customerreviews/page=1/id=544007664/sortby=mostrecent/json?l=en,2026-07-03T12:35:58.355779+00:00,1,
apple_app_store,YouTube,544007664,,,14252384079,Speechless,100/10,5.0,,2026-07-01T22:24:40-07:00,,my girl got it,,0,,,,21.26.4,en,us,,,https://itunes.apple.com/us/rss/customerreviews/page=1/id=544007664/sortby=mostrecent/json?l=en,2026-07-03T12:35:58.355783+00:00,1,
apple_app_store,YouTube,544007664,,,14252382904,Terrible iPhone interface,"On pc it's fine, but here nothing is intuitive. How do we go back to the previous page or search? Frustrating.",1.0,,2026-07-01T22:24:10-07:00,,biggs33,,0,,,,21.26.4,en,us,,,https://itunes.apple.com/us/rss/customerreviews/page=1/id=544007664/sortby=mostrecent/json?l=en,2026-07-03T12:35:58.355788+00:00,1,
apple_app_store,YouTube,544007664,,,14252381530,Allowing AI reels was a mistake.,The amount of AI generated reels on the platform as of the last 1 to 4 weeks has absolutely destroyed short form content on YouTube and made the reels feature worthless.,2.0,,2026-07-01T22:23:37-07:00,,Connly33,,0,,,,21.26.4,en,us,,,https://itunes.apple.com/us/rss/customerreviews/page=1/id=544007664/sortby=mostrecent/json?l=en,2026-07-03T12:35:58.355792+00:00,1,
apple_app_store,YouTube,544007664,,,14252363011,Too many ads,I pay for YouTube TV and I find it horrible that I still have to watch ads on EVERY single video I watch on YouTube. And the ads ALWAYS seem to be at the climax of the video. It’s sooooo annoying.,1.0,,2026-07-01T22:16:04-07:00,,Jbuke,,0,,,,21.26.4,en,us,,,https://itunes.apple.com/us/rss/customerreviews/page=1/id=544007664/sortby=mostrecent/json?l=en,2026-07-03T12:35:58.355796+00:00,1,
apple_app_store,YouTube,544007664,,,14252357171,Super fun and you never get tired of it,Five stars super good,5.0,,2026-07-01T22:13:45-07:00,,ali kbar,,0,,,,21.26.4,en,us,,,https://itunes.apple.com/us/rss/customerreviews/page=1/id=544007664/sortby=mostrecent/json?l=en,2026-07-03T12:35:58.355801+00:00,1,
apple_app_store,YouTube,544007664,,,14252349849,Like Is weird,It doesn’t show the number next to it and it’s too big and now it’s a heart? What’s next the dislike is a throw up emoji dislikes are hidden?!? It doesn’t feel the same I know coppa did this we can’t do anything adios amigos wanted to give it 3 stars tho,5.0,,2026-07-01T22:10:49-07:00,,VICTOR DIAZ NOLASCO DANIEL,,0,,,,21.26.4,en,us,,,https://itunes.apple.com/us/rss/customerreviews/page=1/id=544007664/sortby=mostrecent/json?l=en,2026-07-03T12:35:58.355805+00:00,1,
apple_app_store,YouTube,544007664,,,14252336687,Bring back the dislike button,Bring back the dislike button,1.0,,2026-07-01T22:05:36-07:00,,Spee D Pete,,0,,,,21.26.4,en,us,,,https://itunes.apple.com/us/rss/customerreviews/page=1/id=544007664/sortby=mostrecent/json?l=en,2026-07-03T12:35:58.355810+00:00,1,
apple_app_store,YouTube,544007664,,,14252312480,Not Enough Personalization,"Need to add an option to remove YouTube shorts from your home page and I don’t like that when you click on a video the page and comments are collapsed. Too much minimalism. 
Edit: Not only have they gotten rid of the dislikes being shown on the videos, they’re now FULLY removing the dislikes on YouTube shorts. Whoever made that decision should’ve been fired for even suggesting it.",1.0,,2026-07-01T21:56:02-07:00,,Twinkyboy,,0,,,,21.26.4,en,us,,,https://itunes.apple.com/us/rss/customerreviews/page=1/id=544007664/sortby=mostrecent/json?l=en,2026-07-03T12:35:58.355814+00:00,1,
apple_app_store,YouTube,544007664,,,14252235083,I like YouTube every day,"Every day i watch who i have subscribed to and its fun to stay in touch like we are neighbors.  Anytime, anywhere.",5.0,,2026-07-01T21:25:12-07:00,,sneakydelicious,,0,,,,21.26.4,en,us,,,https://itunes.apple.com/us/rss/customerreviews/page=1/id=544007664/sortby=mostrecent/json?l=en,2026-07-03T12:35:58.355818+00:00,1,
apple_app_store,YouTube,544007664,,,14252232831,To many adds,"Pop-up banners during the videos.. Now no longer a thumbs down on shorts, when every Three videos is an ad. 45/60 seconds into a 10 minute video and an ad. If I want to buy something l go and look for the item. I don’t need to see an add for something I don’t need everytime I watch a video",1.0,,2026-07-01T21:24:19-07:00,,Buck150,,0,,,,21.26.4,en,us,,,https://itunes.apple.com/us/rss/customerreviews/page=1/id=544007664/sortby=mostrecent/json?l=en,2026-07-03T12:35:58.355823+00:00,1,
apple_app_store,YouTube,544007664,,,14252220069,Too many ads,Would be great without the constant ads going one after another .,1.0,,2026-07-01T21:19:17-07:00,,slickjim86,,0,,,,21.26.4,en,us,,,https://itunes.apple.com/us/rss/customerreviews/page=1/id=544007664/sortby=mostrecent/json?l=en,2026-07-03T12:35:58.355827+00:00,1,
apple_app_store,YouTube,544007664,,,14252215572,Why dude,Why is it 13+ for YouTube that’s dumb,2.0,,2026-07-01T21:17:28-07:00,,Ruhdmehnimyj,,0,,,,21.26.4,en,us,,,https://itunes.apple.com/us/rss/customerreviews/page=1/id=544007664/sortby=mostrecent/json?l=en,2026-07-03T12:35:58.355834+00:00,1,
apple_app_store,YouTube,544007664,,,14252213520,Bad ad,Bad ad placement instead of actual videos that takes me to sites that may steal my data,1.0,,2026-07-01T21:16:40-07:00,,Pat Man J0NES,,0,,,,21.26.4,en,us,,,https://itunes.apple.com/us/rss/customerreviews/page=1/id=544007664/sortby=mostrecent/json?l=en,2026-07-03T12:35:58.355839+00:00,1,
apple_app_store,YouTube,544007664,,,14252212572,Mr. DAN,The best ✌️,5.0,,2026-07-01T21:16:18-07:00,,Mărgica,,0,,,,21.26.4,en,us,,,https://itunes.apple.com/us/rss/customerreviews/page=1/id=544007664/sortby=mostrecent/json?l=en,2026-07-03T12:35:58.355843+00:00,1,
apple_app_store,YouTube,544007664,,,14252143603,Полное г..вно,"Я понимаю вы спрятали счетчик дизлайков, но убрать саму возможность ставить дизлайки в шортсах…не знаю каким конченным надо быть чтобы придумать такое",1.0,,2026-07-01T20:49:35-07:00,,Drelvis6,,0,,,,21.26.4,en,us,,,https://itunes.apple.com/us/rss/customerreviews/page=1/id=544007664/sortby=mostrecent/json?l=en,2026-07-03T12:35:58.355848+00:00,1,
apple_app_store,YouTube,544007664,,,14252143062,Lil,I like the new set up,5.0,,2026-07-01T20:49:23-07:00,,Lil mechanic 👨‍🔧,,0,,,,21.26.4,en,us,,,https://itunes.apple.com/us/rss/customerreviews/page=1/id=544007664/sortby=mostrecent/json?l=en,2026-07-03T12:35:58.355852+00:00,1,
apple_app_store,YouTube,544007664,,,14252104459,Censorship and Too many advertisements,"My biggest complaint with YouTube is the censorship of comments made about videos. YouTube allows violence, sexual content, and adult language on its platform but when a YouTube user makes a comment that doesn’t adhere to “YouTube standards “ one is given the option not to post the comment rather then simply post and exercise one’s free speech rights. I have had my YouTube comment “privileges “ removed for posting a comment that was deemed unacceptable? This is contradictory and hypocritical. Simply too many advertisements",2.0,,2026-07-01T20:34:48-07:00,,Maëlle Liraz,,0,,,,21.26.4,en,us,,,https://itunes.apple.com/us/rss/customerreviews/page=1/id=544007664/sortby=mostrecent/json?l=en,2026-07-03T12:35:58.355857+00:00,1,
apple_app_store,YouTube,544007664,,,14252101731,What keeps,"Love YouTube it’s fun and entertaining and I love the community it can bring but I keep getting weird glitches or smth. I can’t tell if it’s the devs experimenting or the system screwing up but I can’t check my subscriptions, see comment text, all text and buttons are much smaller and in dark mode I can’t see anything but the video thumbnail. Is this a bug or something else?",5.0,,2026-07-01T20:33:46-07:00,,Vee_Fiction,,0,,,,21.26.4,en,us,,,https://itunes.apple.com/us/rss/customerreviews/page=1/id=544007664/sortby=mostrecent/json?l=en,2026-07-03T12:35:58.355861+00:00,1,
apple_app_store,YouTube,544007664,,,14252098708,Best Entertainment Platform ever!,I can always relay on YouTube to my Visual & Audio needs of everyday demanding experiences &  content finding  @jorgeorozcomusic - Artist & Premium Subscriber! 2025,5.0,,2026-07-01T20:32:39-07:00,,LoveMusic&Chill-Out,,0,,,,21.26.4,en,us,,,https://itunes.apple.com/us/rss/customerreviews/page=1/id=544007664/sortby=mostrecent/json?l=en,2026-07-03T12:35:58.355866+00:00,1,
apple_app_store,YouTube,544007664,,,14252096897,Jahsh,I like it,5.0,,2026-07-01T20:31:59-07:00,,Newbie 1227,,0,,,,21.26.4,en,us,,,https://itunes.apple.com/us/rss/customerreviews/page=1/id=544007664/sortby=mostrecent/json?l=en,2026-07-03T12:35:58.355870+00:00,1,
apple_app_store,YouTube,544007664,,,14252095529,Great,"Go Premium, you won’t regret it.",5.0,,2026-07-01T20:31:29-07:00,,SC-Sammy,,0,,,,21.26.4,en,us,,,https://itunes.apple.com/us/rss/customerreviews/page=1/id=544007664/sortby=mostrecent/json?l=en,2026-07-03T12:35:58.355874+00:00,1,
apple_app_store,YouTube,544007664,,,14252088017,I love it,And I like it,5.0,,2026-07-01T20:28:42-07:00,,￼ Melissa,,0,,,,21.26.4,en,us,,,https://itunes.apple.com/us/rss/customerreviews/page=1/id=544007664/sortby=mostrecent/json?l=en,2026-07-03T12:35:58.355879+00:00,1,
apple_app_store,YouTube,544007664,,,14252056273,This app don’t work,Doesn’t let me log into my account,1.0,,2026-07-01T20:16:52-07:00,,your mum12222226,,0,,,,19.20.2,en,us,,,https://itunes.apple.com/us/rss/customerreviews/page=1/id=544007664/sortby=mostrecent/json?l=en,2026-07-03T12:35:58.355884+00:00,1,
apple_app_store,YouTube,544007664,,,14252042821,Commercials,Waaaay too many commercials and it seems to be getting worse. You watch something and in 2 minutes or less boom! Commercials. Sometimes you wait a few seconds and you can skip and sometimes nothing happens when it’s over. The program doesn’t come back on or anything. I have to minimize the screen to see the skip button. I get they’re trying to push us to pay but the increase in commercials only makes me ignore the sponsors,4.0,,2026-07-01T20:11:57-07:00,,LuckyJohn73,,0,,,,21.26.4,en,us,,,https://itunes.apple.com/us/rss/customerreviews/page=1/id=544007664/sortby=mostrecent/json?l=en,2026-07-03T12:35:58.355888+00:00,1,
apple_app_store,YouTube,544007664,,,14251977948,Love YouTube!,Appreciation 👏🏻👏🏻👏🏻 for YouTube! My hubby and I watch YouTube everyday almost all day. ♥️♥️♥️,5.0,,2026-07-01T19:48:17-07:00,,danaeds,,0,,,,21.26.4,en,us,,,https://itunes.apple.com/us/rss/customerreviews/page=1/id=544007664/sortby=mostrecent/json?l=en,2026-07-03T12:35:58.355893+00:00,1,
apple_app_store,YouTube,544007664,,,14251969847,Bring back dislike button!!!,Where did the dislike button go!?! Bring it back!,1.0,,2026-07-01T19:45:21-07:00,,J_Squeeze,,0,,,,21.26.4,en,us,,,https://itunes.apple.com/us/rss/customerreviews/page=1/id=544007664/sortby=mostrecent/json?l=en,2026-07-03T12:35:58.356089+00:00,1,
apple_app_store,YouTube,544007664,,,14251964865,Too many ads,All they do is guarantee I’ll NEVER but the products.,1.0,,2026-07-01T19:43:33-07:00,,Jackson 5 5,,0,,,,21.26.4,en,us,,,https://itunes.apple.com/us/rss/customerreviews/page=1/id=544007664/sortby=mostrecent/json?l=en,2026-07-03T12:35:58.356094+00:00,1,
apple_app_store,YouTube,544007664,,,14251963577,Missing the dislike button,YouTube took away the dislike button from shorts.  Bad enough we can’t see the dislike ratio but now we can’t even dislike shorts probably won’t be able to dislike bad videos soon.,1.0,,2026-07-01T19:43:04-07:00,,Gfhhdtygfty,,0,,,,21.26.4,en,us,,,https://itunes.apple.com/us/rss/customerreviews/page=1/id=544007664/sortby=mostrecent/json?l=en,2026-07-03T12:35:58.356099+00:00,1,
apple_app_store,YouTube,544007664,,,14251955667,Very buggy app,"If I could give this app a 0 out of 5 I would, the app is ridiculously broken. Had to delete and reinstall 3 times in one day, just to make it run properly. This app needs major user interface updates and improvements. Only reason to keep using this app is because it has a monopoly on this kind of “service” and it’s doing a very poor job at that.",1.0,,2026-07-01T19:40:11-07:00,,hsudhfjejdjdhfbd,,0,,,,21.26.4,en,us,,,https://itunes.apple.com/us/rss/customerreviews/page=1/id=544007664/sortby=mostrecent/json?l=en,2026-07-03T12:35:58.356104+00:00,1,
apple_app_store,YouTube,544007664,,,14251947851,YouTube is the best best best,100,5.0,,2026-07-01T19:37:21-07:00,,Yal Wol,,0,,,,21.26.4,en,us,,,https://itunes.apple.com/us/rss/customerreviews/page=1/id=544007664/sortby=mostrecent/json?l=en,2026-07-03T12:35:58.356109+00:00,1,
apple_app_store,YouTube,544007664,,,14251907421,Great but…,I love the app but hate that they removed the dislike button.,4.0,,2026-07-01T19:22:59-07:00,,Rhiondithegreat,,0,,,,21.26.4,en,us,,,https://itunes.apple.com/us/rss/customerreviews/page=1/id=544007664/sortby=mostrecent/json?l=en,2026-07-03T12:35:58.356113+00:00,1,
apple_app_store,YouTube,544007664,,,14251907273,My opinion,"Hey YouTube, I’ve enjoyed your app for a long time, it’s really great. There is a reason I’m only giving you 4 stars. Lately, you’ve been making some (strange?) changes to the format. You changed how shorts looked and made it a bit more appealing, but then you removed the dislike button. The buttons for “don’t recommend this channel” or “not interested” don’t fully work. I get it’s a bit experimental, but it’s smarter to get some people from the community of YouTube to be a small test group. Thank you if you respond to this",4.0,,2026-07-01T19:22:56-07:00,,The #appmaster🇨🇱,,0,,,,21.26.4,en,us,,,https://itunes.apple.com/us/rss/customerreviews/page=2/id=544007664/sortby=mostrecent/json?l=en,2026-07-03T12:36:00.057377+00:00,2,
apple_app_store,YouTube,544007664,,,14251903384,Love it,It is the BEST 👍💯 so GOOD,5.0,,2026-07-01T19:21:36-07:00,,I sit for hours watching,,0,,,,21.26.4,en,us,,,https://itunes.apple.com/us/rss/customerreviews/page=2/id=544007664/sortby=mostrecent/json?l=en,2026-07-03T12:36:00.057416+00:00,2,
apple_app_store,YouTube,544007664,,,14251894368,Good but TikTok is better,Not bad,5.0,,2026-07-01T19:18:26-07:00,,Zakayaadapt,,0,,,,21.26.4,en,us,,,https://itunes.apple.com/us/rss/customerreviews/page=2/id=544007664/sortby=mostrecent/json?l=en,2026-07-03T12:36:00.057433+00:00,2,
apple_app_store,YouTube,544007664,,,14251883953,Why hide comments,"I noticed in the last update that there is no longer an option to go straight to view a summary of my comments / responses between viewers. The push appears to be to invite your friends/like-minded people to comment on videos cleverly down selecting to a target demographic or target market… effective way to identify potential markets, but not a good way to share ideas…",1.0,,2026-07-01T19:14:49-07:00,,nickelodeon55387,,0,,,,21.26.4,en,us,,,https://itunes.apple.com/us/rss/customerreviews/page=2/id=544007664/sortby=mostrecent/json?l=en,2026-07-03T12:36:00.057446+00:00,2,
apple_app_store,YouTube,544007664,,,14251880511,Best Value for the money,"No commercials, easily skip paid sponsorships, and the widest variety of information and entertainment on the Internet. Free movies are a great bonus",5.0,,2026-07-01T19:13:36-07:00,,Reekmon,,0,,,,21.26.4,en,us,,,https://itunes.apple.com/us/rss/customerreviews/page=2/id=544007664/sortby=mostrecent/json?l=en,2026-07-03T12:36:00.057499+00:00,2,
apple_app_store,YouTube,544007664,,,14251864318,FIFA World Cup,This show quickly at every moment,5.0,,2026-07-01T19:07:58-07:00,,Kas stone,,0,,,,21.26.4,en,us,,,https://itunes.apple.com/us/rss/customerreviews/page=2/id=544007664/sortby=mostrecent/json?l=en,2026-07-03T12:36:00.057520+00:00,2,
apple_app_store,YouTube,544007664,,,14251830385,YouTube loves to make things worse every update,"Shorts constantly freeze if you watch one for more than a few seconds, video and audio glitches on videos, and yet again they love to take away your input by removing the dislike button. Who does this help? Who benefits from any change they’ve recently made?",1.0,,2026-07-01T18:55:46-07:00,,Trash Here,,0,,,,21.26.4,en,us,,,https://itunes.apple.com/us/rss/customerreviews/page=2/id=544007664/sortby=mostrecent/json?l=en,2026-07-03T12:36:00.057533+00:00,2,
apple_app_store,YouTube,544007664,,,14251825161,Very NOW,YouTube has the news way before the newspapers.  Plus lengthy commentary from people that I have learned to trust.,5.0,,2026-07-01T18:53:55-07:00,,adam c-f,,0,,,,21.26.4,en,us,,,https://itunes.apple.com/us/rss/customerreviews/page=2/id=544007664/sortby=mostrecent/json?l=en,2026-07-03T12:36:00.057546+00:00,2,
apple_app_store,YouTube,544007664,,,14251817346,YouTube is the poster child for corporate greed,"Remember when at worst you had a 30 second skippable ad before your Smosh sketch? Now you have two adds before the video, several adds throughout the video (some skippable some not), an add after the video, and lower-third add after every in-video add that has to be manually closed so you might accidentally click the add. Well, at least the tech oligarchs get their add revenue. God if only Vimeo had kept up.",1.0,,2026-07-01T18:51:05-07:00,,Emmettg620,,0,,,,21.26.4,en,us,,,https://itunes.apple.com/us/rss/customerreviews/page=2/id=544007664/sortby=mostrecent/json?l=en,2026-07-03T12:36:00.057559+00:00,2,
apple_app_store,YouTube,544007664,,,14251814461,Cast TV not showing up and not working please fix the bug and update the app and repair it NOW!,"Cast TV not showing up and not working, so it can show up and it keeps disappearing and it still needs to be there and videos aren’t playing and glitched and repair it and video description needs to be shown and autoplay needs to be and sponsored with ads needs to be shown and download video isn’t working and the older version needs to be back and shorts and subscriptions and library needs to be there and also remove SIGN IN TO CONFIRM YOU'RE NOT A BOT SO THAT IT WILL NOT APPEAR IT and sound and closed captions needs to be showed and removed and it also says This video may be inappropriate for some users and old version back and My Ad Center needs to add Block and it also says something went wrong Google is working on a fix and it needs to be fixed and repaired and it keeps saying it and crashed and remove it and dislike word needs to be there and closed captions still needs to be showed and appeared with The Wiggles Wiggle Talk A Podcast for Parents and update this app and fix the bugs and repair all of it immediately!!",5.0,,2026-07-01T18:50:03-07:00,,Marcus Sansone,,0,,,,20.21.6,en,us,,,https://itunes.apple.com/us/rss/customerreviews/page=2/id=544007664/sortby=mostrecent/json?l=en,2026-07-03T12:36:00.057570+00:00,2,
apple_app_store,YouTube,544007664,,,14251812762,old news becoming a priority,I have noticed we are getting less up to date information and reports from three or four years ago. I am starting to wonder if Youtiube is loosing their audience,3.0,,2026-07-01T18:49:27-07:00,,Rcavell,,0,,,,21.26.4,en,us,,,https://itunes.apple.com/us/rss/customerreviews/page=2/id=544007664/sortby=mostrecent/json?l=en,2026-07-03T12:36:00.057582+00:00,2,
apple_app_store,YouTube,544007664,,,14251796292,Very nice,Nice,5.0,,2026-07-01T18:43:23-07:00,,Eslv Valdez,,0,,,,21.26.4,en,us,,,https://itunes.apple.com/us/rss/customerreviews/page=2/id=544007664/sortby=mostrecent/json?l=en,2026-07-03T12:36:00.057593+00:00,2,
apple_app_store,YouTube,544007664,,,14251753515,It makes me watch slop,The content youtube is recommending me is really bad even after i tried fixing it,1.0,,2026-07-01T18:27:51-07:00,,Pinkiko,,0,,,,21.26.4,en,us,,,https://itunes.apple.com/us/rss/customerreviews/page=2/id=544007664/sortby=mostrecent/json?l=en,2026-07-03T12:36:00.057605+00:00,2,
apple_app_store,YouTube,544007664,,,14251708732,Good,I love this app so much,5.0,,2026-07-01T18:11:50-07:00,,Zaela.E,,0,,,,21.26.4,en,us,,,https://itunes.apple.com/us/rss/customerreviews/page=2/id=544007664/sortby=mostrecent/json?l=en,2026-07-03T12:36:00.057616+00:00,2,
apple_app_store,YouTube,544007664,,,14251707376,Add,"The ads on YouTube are becoming atrocious!
Multiple ads; some a mere 90 seconds apart!!
Honestly, do you not have the technology to avoid interrupting in the middle of presenters words?",2.0,,2026-07-01T18:11:21-07:00,,weezo727,,0,,,,21.26.4,en,us,,,https://itunes.apple.com/us/rss/customerreviews/page=2/id=544007664/sortby=mostrecent/json?l=en,2026-07-03T12:36:00.057627+00:00,2,
apple_app_store,YouTube,544007664,,,14251692166,Reverse,Make a reverse button more simple,3.0,,2026-07-01T18:05:57-07:00,,Astro_boiiii,,0,,,,21.26.4,en,us,,,https://itunes.apple.com/us/rss/customerreviews/page=2/id=544007664/sortby=mostrecent/json?l=en,2026-07-03T12:36:00.057639+00:00,2,
apple_app_store,YouTube,544007664,,,14251677904,I Love YouTube,"YouTube is wonderful. I am on it every day! It is so much fun watching people’s post! Again, absolutely love YouTube… it’s entertaining, informative, and gives news. Thanks You YouTube!",5.0,,2026-07-01T18:00:55-07:00,,Luv YouTube 1,,0,,,,21.26.4,en,us,,,https://itunes.apple.com/us/rss/customerreviews/page=2/id=544007664/sortby=mostrecent/json?l=en,2026-07-03T12:36:00.057650+00:00,2,
apple_app_store,YouTube,544007664,,,14251673765,Thumbs down button gone,Can’t believe you guys got rid of the dislike button on shorts! That’s the thing that sets you guys apart from the brainrot doom scrolling of other apps. I need to be able to dislike stuff,5.0,,2026-07-01T17:59:26-07:00,,LordTotmanTV,,0,,,,21.26.4,en,us,,,https://itunes.apple.com/us/rss/customerreviews/page=2/id=544007664/sortby=mostrecent/json?l=en,2026-07-03T12:36:00.057662+00:00,2,
apple_app_store,YouTube,544007664,,,14251620865,The best,YouTube has been and continues to be the ever,5.0,,2026-07-01T17:40:11-07:00,,Booggwen,,0,,,,21.26.4,en,us,,,https://itunes.apple.com/us/rss/customerreviews/page=2/id=544007664/sortby=mostrecent/json?l=en,2026-07-03T12:36:00.057674+00:00,2,
apple_app_store,YouTube,544007664,,,14251597195,Wheres my dislike button >:(,Frick frack why,2.0,,2026-07-01T17:31:30-07:00,,matsuray,,0,,,,21.26.4,en,us,,,https://itunes.apple.com/us/rss/customerreviews/page=2/id=544007664/sortby=mostrecent/json?l=en,2026-07-03T12:36:00.057685+00:00,2,
apple_app_store,YouTube,544007664,,,14251595975,It’s not clever,The tricks youtube uses to sneak an extra ad or two every chance they can are very obvious and very trashy.,2.0,,2026-07-01T17:31:04-07:00,,ImaGaySeaOtter,,0,,,,21.26.4,en,us,,,https://itunes.apple.com/us/rss/customerreviews/page=2/id=544007664/sortby=mostrecent/json?l=en,2026-07-03T12:36:00.057697+00:00,2,
apple_app_store,YouTube,544007664,,,14251580634,Shorts,I don’t like that little kid videos will pop up on my YouTube shorts and I only want the videos that I watch to pop up,4.0,,2026-07-01T17:25:32-07:00,,My YouTube short videos,,0,,,,21.26.4,en,us,,,https://itunes.apple.com/us/rss/customerreviews/page=2/id=544007664/sortby=mostrecent/json?l=en,2026-07-03T12:36:00.057708+00:00,2,
apple_app_store,YouTube,544007664,,,14251575782,Me encanta YouTube,Me gusta mucho ver mi series y subir mis videos,5.0,,2026-07-01T17:23:45-07:00,,potrereña,,0,,,,21.26.4,en,us,,,https://itunes.apple.com/us/rss/customerreviews/page=2/id=544007664/sortby=mostrecent/json?l=en,2026-07-03T12:36:00.057719+00:00,2,
apple_app_store,YouTube,544007664,,,14251545187,I,Ooooooooooo it’s yt,5.0,,2026-07-01T17:12:26-07:00,,𝘍𝘣 𝘨𝘫𝘤𝘬𝘥𝘬𝘥𝘬𝘤𝘬𝘧𝘬,,0,,,,21.26.4,en,us,,,https://itunes.apple.com/us/rss/customerreviews/page=2/id=544007664/sortby=mostrecent/json?l=en,2026-07-03T12:36:00.057731+00:00,2,
apple_app_store,YouTube,544007664,,,14251544949,Dislikes,"Omg , I was watching shorts and notes that yall removed dislike button on the shorts! WHY !? How would I let know algorithms that I don’t like that content ! So stupid!",1.0,,2026-07-01T17:12:20-07:00,,Yupi 90x,,0,,,,21.26.4,en,us,,,https://itunes.apple.com/us/rss/customerreviews/page=2/id=544007664/sortby=mostrecent/json?l=en,2026-07-03T12:36:00.057743+00:00,2,
apple_app_store,YouTube,544007664,,,14251497989,I love YouTube so much I say it is better than games,Thank you YouTubers,2.0,,2026-07-01T16:54:51-07:00,,I had a concussion,,0,,,,21.26.4,en,us,,,https://itunes.apple.com/us/rss/customerreviews/page=2/id=544007664/sortby=mostrecent/json?l=en,2026-07-03T12:36:00.057754+00:00,2,
apple_app_store,YouTube,544007664,,,14251496973,The best,Love YouTube,5.0,,2026-07-01T16:54:27-07:00,,Levi’s the YouTuber,,0,,,,21.26.4,en,us,,,https://itunes.apple.com/us/rss/customerreviews/page=2/id=544007664/sortby=mostrecent/json?l=en,2026-07-03T12:36:00.057766+00:00,2,
apple_app_store,YouTube,544007664,,,14251489475,Always starts playing random videos..,When I open a music video it starts to autoplay random music it like! Disappointed!,1.0,,2026-07-01T16:51:38-07:00,,Erakan,,0,,,,21.26.4,en,us,,,https://itunes.apple.com/us/rss/customerreviews/page=2/id=544007664/sortby=mostrecent/json?l=en,2026-07-03T12:36:00.057778+00:00,2,
apple_app_store,YouTube,544007664,,,14251450244,YouTube needs to stop removing the dislike system,"So I know a while back they made it where you can’t see the like to dislike ratio on YouTube, but now they completely removed the dislike button (on shorts) so now when I get a channel that is cheating and video games, which is the main content that I use YouTube for I can’t dislike",1.0,,2026-07-01T16:36:56-07:00,,Nona3388,,0,,,,21.26.4,en,us,,,https://itunes.apple.com/us/rss/customerreviews/page=2/id=544007664/sortby=mostrecent/json?l=en,2026-07-03T12:36:00.057789+00:00,2,
apple_app_store,YouTube,544007664,,,14251439243,Thank you,Thank you for always g what I’m looking for .,5.0,,2026-07-01T16:32:47-07:00,,kvmomma6,,0,,,,21.26.4,en,us,,,https://itunes.apple.com/us/rss/customerreviews/page=2/id=544007664/sortby=mostrecent/json?l=en,2026-07-03T12:36:00.057900+00:00,2,
apple_app_store,YouTube,544007664,,,14251423070,Bring back the dislike button,It was the only way to remove stuff from my feed when kinds of content I didn’t want would over represent in my YT shorts. Now all I see is junk.,2.0,,2026-07-01T16:26:36-07:00,,EthanJG0010,,0,,,,21.26.4,en,us,,,https://itunes.apple.com/us/rss/customerreviews/page=2/id=544007664/sortby=mostrecent/json?l=en,2026-07-03T12:36:00.057931+00:00,2,
apple_app_store,YouTube,544007664,,,14251413387,I love using YouTube to listen to music and watch videos but I want to create videos more idk how,"I’ve been using Youtube for music and to watch videos or look up videos for a while now, I recently tried to become a content creator but it has been difficult to get started hopefully there will be some form of tutorial system or how to guide built in to the creator side of YouTube I still haven’t used the direct messaging feature yet but I thought that was neat of YouTube to add I also like YouTube shorts thank you for helping, educating, motivating, and inspiring others like me around the world but please help us create with you, you could provide official tutorial videos on how to properly follow YouTube’s guidelines and instructions on how to avoid accidentally breaking the rules and what to do, how to avoid being copyrighted, how to edit videos using YouTubes creator studio, etc",5.0,,2026-07-01T16:22:53-07:00,,Zynosphere420,,0,,,,21.26.4,en,us,,,https://itunes.apple.com/us/rss/customerreviews/page=2/id=544007664/sortby=mostrecent/json?l=en,2026-07-03T12:36:00.057944+00:00,2,
apple_app_store,YouTube,544007664,,,14251408301,FIX PICTURE IN PICTURE,"like everyone I use YouTube every day. I upgraded to YouTube premium on accident one day and never looked back. That was two years ago. Since then, life has been bliss. And then suddenly in the last two months, 85% of my videos never launch in picture and picture when I exit the app, and 100% of the time that I close my phone while watching a video, the audio just keeps playing. Everything about this app experience whenever I do not have the actual app open itself is entirely broken. I am a paying customer, and this is unacceptable. YouTube is a necessary, medium of information and as a consumer that pays extra to ensure that it continues to go it doesn’t make any sense that there’s been no effort to fix these issues in the past. Dozens of updates while y’all are “drinking too much coffee”. Maybe lay off the coffee (and the vodka) and fix your app.",2.0,,2026-07-01T16:20:59-07:00,,J Rasber,,0,,,,21.26.4,en,us,,,https://itunes.apple.com/us/rss/customerreviews/page=2/id=544007664/sortby=mostrecent/json?l=en,2026-07-03T12:36:00.057954+00:00,2,
apple_app_store,YouTube,544007664,,,14251401789,Add the clips back,I love the app it’s great and it doesn’t glitch but you guys got rid of the ability to clip and you should add it back because a lot of people like going back to their favorite videos and watching/showing people the funny clips,4.0,,2026-07-01T16:18:33-07:00,,Aseybt08,,0,,,,21.26.4,en,us,,,https://itunes.apple.com/us/rss/customerreviews/page=2/id=544007664/sortby=mostrecent/json?l=en,2026-07-03T12:36:00.057964+00:00,2,
apple_app_store,YouTube,544007664,,,14251399229,Why I hate this app,I hate this app because it doesn’t have a ton of normal videos on this app and I can’t wait to see it cancel and then it bring Ai,1.0,,2026-07-01T16:17:33-07:00,,by by youtube,,0,,,,19.20.2,en,us,,,https://itunes.apple.com/us/rss/customerreviews/page=2/id=544007664/sortby=mostrecent/json?l=en,2026-07-03T12:36:00.057973+00:00,2,
apple_app_store,YouTube,544007664,,,14251378048,Terrible,"Keeps getting worse. It’s a cesspool, too. Maybe cut back on the coffee and get to work.",1.0,,2026-07-01T16:09:29-07:00,,B'bba,,0,,,,21.26.4,en,us,,,https://itunes.apple.com/us/rss/customerreviews/page=2/id=544007664/sortby=mostrecent/json?l=en,2026-07-03T12:36:00.057983+00:00,2,
apple_app_store,YouTube,544007664,,,14251371910,Criticism is Necessary,"“Wahhh, people are disliking my videos, I want the dislike button gone,” BOO HOO, CRY ME A F🤬KING RIVER! I don’t like getting dislikes on my own videos either, but maybe sometimes we should be able to dislike it instead of going through hoops and hurdles to go ahead and do so! I just want to dislike the video/short, not be forced to like it so I can go over to the liked playlist and unclick it and then click on the dislike button just so I don’t see more of that! Bring back the dislike button, for the love of god, please! 🤦‍♀️",3.0,,2026-07-01T16:07:10-07:00,,Panthy14,,0,,,,21.26.4,en,us,,,https://itunes.apple.com/us/rss/customerreviews/page=2/id=544007664/sortby=mostrecent/json?l=en,2026-07-03T12:36:00.057993+00:00,2,
apple_app_store,YouTube,544007664,,,14251370235,no,"no, youtube, im not giving you my face.",1.0,,2026-07-01T16:06:30-07:00,,hot cheetooos,,0,,,,21.26.4,en,us,,,https://itunes.apple.com/us/rss/customerreviews/page=2/id=544007664/sortby=mostrecent/json?l=en,2026-07-03T12:36:00.058002+00:00,2,
apple_app_store,YouTube,544007664,,,14251357569,"U hiding our negative view, greedy corporate!","U just deleted dislikes on YouTube shorts! Nicely done! In 2024 u deleted dislikes count and NOBODY like this, but now…. very well google - it’s a way to build opportunity for another corpo who decide BRING OUR DISLIKE BUTTON BACK! U’re just ugly and greedy company who wants all money of the world and every single ad campaign in every single country. That’s all folks! YouTube and YouTube shorts dead - now that’s just product placement video player, nothing more",2.0,,2026-07-01T16:01:44-07:00,,Gordon Fomas,,0,,,,21.26.4,en,us,,,https://itunes.apple.com/us/rss/customerreviews/page=2/id=544007664/sortby=mostrecent/json?l=en,2026-07-03T12:36:00.058011+00:00,2,
apple_app_store,YouTube,544007664,,,14251356188,Best,10/10,5.0,,2026-07-01T16:01:14-07:00,,Nnarow,,0,,,,21.26.4,en,us,,,https://itunes.apple.com/us/rss/customerreviews/page=2/id=544007664/sortby=mostrecent/json?l=en,2026-07-03T12:36:00.058021+00:00,2,
apple_app_store,YouTube,544007664,,,14251340580,AMO ESTA APP,La amo pero si tuvieras una colaboración com tiktok o instagram sera mejor todavia,5.0,,2026-07-01T15:55:18-07:00,,Amo ytb,,0,,,,21.26.4,en,us,,,https://itunes.apple.com/us/rss/customerreviews/page=2/id=544007664/sortby=mostrecent/json?l=en,2026-07-03T12:36:00.058030+00:00,2,
apple_app_store,YouTube,544007664,,,14251324338,Food,Taste yummy,5.0,,2026-07-01T15:49:09-07:00,,Last boss sigma rizzler,,0,,,,21.26.4,en,us,,,https://itunes.apple.com/us/rss/customerreviews/page=2/id=544007664/sortby=mostrecent/json?l=en,2026-07-03T12:36:00.058039+00:00,2,
apple_app_store,YouTube,544007664,,,14251309178,It’s the best,It helps me make stuff,5.0,,2026-07-01T15:43:07-07:00,,PoletaFibra,,0,,,,21.26.4,en,us,,,https://itunes.apple.com/us/rss/customerreviews/page=2/id=544007664/sortby=mostrecent/json?l=en,2026-07-03T12:36:00.058048+00:00,2,
apple_app_store,YouTube,544007664,,,14251297920,Officer Reed& German Shepard puppy,Fantastic kept me glued & anticipating loved ending hope the Maya & Daniel connect as life partners 💗,5.0,,2026-07-01T15:38:39-07:00,,dottiebeau,,0,,,,21.26.4,en,us,,,https://itunes.apple.com/us/rss/customerreviews/page=2/id=544007664/sortby=mostrecent/json?l=en,2026-07-03T12:36:00.058057+00:00,2,
apple_app_store,YouTube,544007664,,,14251292121,Its a video player designed to pepper in ads at every opportunity,Its just an ad player with some content inbetween,1.0,,2026-07-01T15:36:26-07:00,,Baybutt,,0,,,,21.26.4,en,us,,,https://itunes.apple.com/us/rss/customerreviews/page=2/id=544007664/sortby=mostrecent/json?l=en,2026-07-03T12:36:00.058067+00:00,2,
apple_app_store,YouTube,544007664,,,14251275343,F your ad placement,"If there was anything other than YouTube out there, it would be dead. Hate this garbage money grubbing worthless app. Most ((())) owned thing you’ll ever be forced to use. It’s lucky it’s the only thing big enough to survive its BS antics.",1.0,,2026-07-01T15:30:03-07:00,,Kmech,,0,,,,21.26.4,en,us,,,https://itunes.apple.com/us/rss/customerreviews/page=2/id=544007664/sortby=mostrecent/json?l=en,2026-07-03T12:36:00.058077+00:00,2,
apple_app_store,YouTube,544007664,,,14251245311,good,"who doesn’t love yt? We all grew up with it
 
It’s way better then other social media platforms especially TikTok",5.0,,2026-07-01T15:18:49-07:00,,sajipon,,0,,,,21.26.4,en,us,,,https://itunes.apple.com/us/rss/customerreviews/page=2/id=544007664/sortby=mostrecent/json?l=en,2026-07-03T12:36:00.058087+00:00,2,
apple_app_store,YouTube,544007664,,,14251238568,为何无故封杀频道,一个以传播亲情、友情、家庭合睦并充满情趣，支持正义公平，展示人性光辉的频道——幸福家庭俱乐部，为何无故封杀？！,2.0,,2026-07-01T15:16:22-07:00,,超耐磨才能么,,0,,,,21.26.4,en,us,,,https://itunes.apple.com/us/rss/customerreviews/page=2/id=544007664/sortby=mostrecent/json?l=en,2026-07-03T12:36:00.058096+00:00,2,
apple_app_store,YouTube,544007664,,,14251234691,Education First,I love that I can learn on YouTube. It’s how I learn about creating content on all platforms.,5.0,,2026-07-01T15:14:53-07:00,,Edward Harrington 3,,0,,,,21.26.4,en,us,,,https://itunes.apple.com/us/rss/customerreviews/page=2/id=544007664/sortby=mostrecent/json?l=en,2026-07-03T12:36:00.058107+00:00,2,
apple_app_store,YouTube,544007664,,,14251230942,Forces auto-dub and auto translate that I DO NOT WANT,Your forced auto translate means you’re not showing me the original content and changing content without my or the content creator’s consent 🤦🏻‍♀️🤦🏻‍♀️🤦🏻‍♀️ How can you allow such horrible UX?,1.0,,2026-07-01T15:13:29-07:00,,Liz005,,0,,,,21.26.4,en,us,,,https://itunes.apple.com/us/rss/customerreviews/page=2/id=544007664/sortby=mostrecent/json?l=en,2026-07-03T12:36:00.058117+00:00,2,
