field,google_play,apple_app_store
source,available,available
app_name,available,available
item_id,available,available
package_id,available,unavailable
review_id,available,available
review_title,unavailable,available
review_text,available,available
rating,available,available
review_date,available,available
author_name,available,available
author_id,unavailable,unavailable
helpful_votes,available,available
app_version,available,available
language,available,available
country,available,available
developer_response,unavailable,unavailable
developer_response_date,unavailable,unavailable
source_url,available,available
raw_page_number,available,available
raw_cursor,available,unavailable
collected_at,available,available
