model,example_key,error_type,weak_sentiment_label,prediction,positive_probability,review_text,low_signal_text,login_topic_signal,payment_topic_signal,performance_topic_signal,subscription_topic_signal,delivery_topic_signal,customer_service_topic_signal,app_name,country
model_a_text_only,43fdb013642c,negative_weak_target_predicted_positive,negative,positive,0.8504865780759807,Otherwise its a great app,False,False,False,False,False,False,False,Headspace,us
model_a_text_only,605613f83dc0,negative_weak_target_predicted_positive,negative,positive,0.7660130331979124,Please help and fix problem,False,False,False,False,False,False,False,Instagram,us
model_a_text_only,68b860e57d2c,negative_weak_target_predicted_positive,negative,positive,0.7411421033322995,I love tik tok a lot! I spend hours on it scrolling! But I really hate the verification thing and the new thing where I can’t post my own stickers that I have favorited! It really bugs me and I really hate that!,False,False,False,False,False,False,False,TikTok,us
model_a_text_only,c96a01979272,positive_weak_target_predicted_negative,positive,negative,0.04266816219795926,"I love Pinterest. I always have. I’ve been using this app since early 2020 and I have loved every single use of it. Until now. When you go on your feed, your bound to see ai images everywhere that aren’t even flagged as ai by their bad reviewing system controlled by robots. When there is a post that isn’t ai, Pinterest just… Marks it as ai? This can cause hate to the original creator and has the potential to just overall mess up their reputation. Pinterest will also take down other people’s pins that you saved for reasons that aren’t even true. My pins are full of art and cool objects like cute colored buttons and stuffed animals and such. I get an email every single day telling me that my posts were taken down for, “self harm related content”. This is not true for any of my pins and it then they tell you that they will have to take, “action” on your account (AKA banning you) for something that you didn’t do and have overall no control over. Pinterest also does not show you the pin that their ai has taken down for quite literally no reason, so you cannot make an appeal because you don’t know what they took down. Please fix this, Pinterest. I want to delete your app, along with many other people agreeing with me online and in real life. Goodbye.",False,False,False,False,False,False,False,Pinterest,us
model_a_text_only,7a87355b674a,positive_weak_target_predicted_negative,positive,negative,0.10174028650027256,The chime sound doesn’t turn down even after an update.,False,False,False,False,False,False,False,LinkedIn,us
model_a_text_only,77a511263aaf,positive_weak_target_predicted_negative,positive,negative,0.10895696289452374,"Unfortunately I have to leave this review after requesting a refund and being told that it is not possible, for no reason other than it sucks to suck. I mean that’s basically what they told me, that they just can’t offer it to me because that’s their policy! Even though I will never use the app and just forgot to cancel the recurring charge! Thank you headspace! I will remove this review and/or change it to a higher rating if given a refund, though I find it very unlikely that will happen.",False,False,True,False,False,False,False,Headspace,us
model_a_text_only,b3f7c8e2fa72,short_or_low_information,negative,positive,0.9643541542481986,Good,True,False,False,False,False,False,False,Netflix,us
model_a_text_only,a4cead5ff766,short_or_low_information,negative,positive,0.8444372306392879,0/10,True,False,False,False,False,False,False,Gmail,us
model_a_text_only,4eb5ce657ca8,short_or_low_information,negative,positive,0.6695701366826106,Ice lovers,True,False,False,False,False,False,False,Spotify,us
model_b_text_plus_features,7477a7523fba,negative_weak_target_predicted_positive,negative,positive,0.8898849860643986,Mejora el catálogo,False,False,False,False,False,False,False,Netflix,us
model_b_text_plus_features,4f00ae22e9c4,negative_weak_target_predicted_positive,negative,positive,0.8765801301149411,"It was way better when it first came.  If you want to learn the basics it’s great.  Anything after that, there are way better options.  It’s not fun like the other reviews say anymore.  A lot of ads.  Expensive.  Repetitive with the same phrases.",False,False,False,False,False,False,False,Duolingo,us
model_b_text_plus_features,586af3588a2e,negative_weak_target_predicted_positive,negative,positive,0.8649423814117626,If you’re wanting to learn Chess so chess.com,False,False,False,False,False,False,False,Duolingo,us
model_b_text_plus_features,c96a01979272,positive_weak_target_predicted_negative,positive,negative,0.020902128131114035,"I love Pinterest. I always have. I’ve been using this app since early 2020 and I have loved every single use of it. Until now. When you go on your feed, your bound to see ai images everywhere that aren’t even flagged as ai by their bad reviewing system controlled by robots. When there is a post that isn’t ai, Pinterest just… Marks it as ai? This can cause hate to the original creator and has the potential to just overall mess up their reputation. Pinterest will also take down other people’s pins that you saved for reasons that aren’t even true. My pins are full of art and cool objects like cute colored buttons and stuffed animals and such. I get an email every single day telling me that my posts were taken down for, “self harm related content”. This is not true for any of my pins and it then they tell you that they will have to take, “action” on your account (AKA banning you) for something that you didn’t do and have overall no control over. Pinterest also does not show you the pin that their ai has taken down for quite literally no reason, so you cannot make an appeal because you don’t know what they took down. Please fix this, Pinterest. I want to delete your app, along with many other people agreeing with me online and in real life. Goodbye.",False,False,False,False,False,False,False,Pinterest,us
model_b_text_plus_features,d993b584dc44,positive_weak_target_predicted_negative,positive,negative,0.03099292475452351,"Wanna see something funny? I wrote a bad review for a host that cancelled my stay 1 hour before check in, and I wrote this 2 YEARS AGO!!!! lol, Airbnb decided to “remove it” today, because they are circling the drain and need their properties to have higher ratings. Basically committing fraud because they are tanking",False,False,False,False,False,False,False,Airbnb,us
model_b_text_plus_features,7ec6cff06332,positive_weak_target_predicted_negative,positive,negative,0.03137969926416526,"I have these apps on my phone android n t
Laptop no issues there. Here I’m having the same issue with my outlook for emails and Microsoft and authenthicator.   I can’t get my password to accepted and I tried to update the apps shut iPad off for 4 days n still same thing. How do I fix this issue",False,True,False,False,False,False,False,Microsoft Teams,us
model_b_text_plus_features,b3f7c8e2fa72,short_or_low_information,negative,positive,0.9869173001168045,Good,True,False,False,False,False,False,False,Netflix,us
model_b_text_plus_features,4eb5ce657ca8,short_or_low_information,negative,positive,0.9341656394848498,Ice lovers,True,False,False,False,False,False,False,Spotify,us
model_b_text_plus_features,4cd208d8a86c,short_or_low_information,negative,positive,0.8600566669202884,MICHAEL JACKSON,True,False,False,False,False,False,False,Netflix,us
