example_key,manual_diagnostic_label,model_a_text_only_prediction,model_a_text_only_positive_probability,model_b_text_plus_features_prediction,model_b_text_plus_features_positive_probability
92abe180007c,negative,negative,0.36334085345270034,negative,0.4031009675968506
74aa04bf1c0c,positive,positive,0.5783050549059059,positive,0.8913685637637961
cdc4e271bc5a,positive,positive,0.5270090945146372,positive,0.7610031823123912
6d1dd0c42af1,negative,negative,0.46144137486477865,positive,0.7390916736027023
d76d96118d5c,negative,negative,0.2735675275411231,negative,0.48584280937261254
88bd03b1c268,positive,positive,0.7445552278640479,positive,0.8423016747723976
225ce43b9b8c,positive,positive,0.9015723701669021,positive,0.9404872057755358
de05de1560ca,positive,positive,0.9250927677744667,positive,0.9863617620720722
fa1046f4112a,positive,positive,0.6268995559398932,positive,0.9546642727247319
ebeb9fb178bc,positive,positive,0.8931172761203823,positive,0.9605396744816976
38f3d7ff90aa,negative,negative,0.45596975423038677,positive,0.8460136453607
3a2871ef5a2e,negative,negative,0.2746695420352754,negative,0.04932699031699372
bef4c6e42027,negative,negative,0.3613942234577589,negative,0.26558527944142984
a1125f024709,negative,negative,0.0765990361066339,negative,0.012289865697810985
3de8c914df42,negative,negative,0.3159149901139809,negative,0.15040556463408572
30a10604b93e,negative,negative,0.4811765820061221,negative,0.38492833236211665
81aeef6bbf2f,positive,positive,0.828887469036757,positive,0.9761434264143057
fa41d312aa9e,negative,negative,0.39400625459831556,negative,0.47981527847318073
846cb626f6ec,negative,negative,0.13860754670849063,negative,0.289944926205355
b02e3787998a,negative,negative,0.3540815804426708,negative,0.43171406053424133
0bc653585c0c,negative,negative,0.32811144544152754,negative,0.34439935362448404
cdc137bc265d,negative,negative,0.2583647993215465,negative,0.25382171019994004
8a760901b593,positive,positive,0.5660358545724644,positive,0.6386494614907795
6ccc52462989,negative,negative,0.14336161602779174,negative,0.1819224668818591
18c4ba0f203f,negative,negative,0.26976680097859357,negative,0.22902029776405752
dc1b54d240e1,negative,negative,0.1274412889755125,negative,0.20243500640143758
79e4a1ad7e6e,negative,negative,0.37895897132092016,negative,0.3140600540790022
f6002fa3a74b,negative,positive,0.7082494718934363,positive,0.640841064293678
8e99290002c3,negative,negative,0.4273819427808921,negative,0.4233459553836921
220f9bb0eb45,negative,negative,0.3389998112038546,negative,0.3258055022194879
7e67eafcac2d,positive,positive,0.7739156454045139,positive,0.6924707167650157
97d3c41c1323,negative,negative,0.199034025280712,negative,0.11909113736214114
90362cb155b3,negative,negative,0.2586299466016622,negative,0.33820775516048474
dac102927de4,positive,positive,0.5600747368395421,positive,0.5552574525582893
e111f1141b79,negative,negative,0.3819082810441719,negative,0.3879166228956826
1933e740e3fc,negative,negative,0.383762491418008,negative,0.3329892558108675
e4a644f38153,negative,negative,0.3005469578714802,negative,0.2767702238205065
8a5ea870e783,negative,negative,0.22754280112505443,negative,0.3440920354277241
790407e47ea9,negative,negative,0.36195817285806114,negative,0.38335642811208887
771f50b3f3ae,negative,negative,0.3649207945354789,negative,0.38965467587385544
2969608e44ce,negative,negative,0.31821844698736085,negative,0.3467589968864272
7a961e6a11bb,positive,positive,0.991631047697695,positive,0.9953270119673118
e5f0997f3e85,positive,positive,0.7657900053792964,positive,0.7633351925488736
76e3db95dee3,positive,positive,0.5348478942332525,positive,0.8367449288119337
c832a18b8dab,positive,positive,0.991631047697695,positive,0.9967183817404767
9010deb81d96,positive,negative,0.43347844070626773,positive,0.5852759232362702
1fdd88ad520e,negative,negative,0.2560389998097213,negative,0.22453822777218005
bb0bce84c2dd,positive,positive,0.9063969247059797,positive,0.8765985967477221
27ca915ace64,positive,positive,0.8752698315730983,positive,0.9214428639012519
61603d0b3d1f,positive,positive,0.7647122588424068,positive,0.832848460559211
e9b844f657b4,negative,negative,0.11988103718832357,negative,0.14851467992523987
30cfa5e9fd98,positive,positive,0.8774437178225238,positive,0.8874309241529116
2f7903563edc,positive,negative,0.40808927995671807,positive,0.504260654554187
86023f13b993,positive,positive,0.9623696466061262,positive,0.978303065525858
60c8e26193eb,negative,negative,0.24412473681526578,negative,0.04725204514288198
81a8643d371d,negative,negative,0.32470803925371844,negative,0.056600716186051586
27f94c722092,negative,negative,0.2593019906752043,negative,0.059746714237517075
a3ca8d44c2af,negative,negative,0.42612005684697285,negative,0.05177220758574359
9770c52e70ae,negative,negative,0.37789755407294773,positive,0.6027732205637301
276516514834,negative,positive,0.606784712526754,positive,0.8560297410704689
3b94bdf68488,positive,positive,0.6979115911635358,positive,0.8121993725739234
23dbd865dff4,positive,positive,0.925012206980318,positive,0.9568178106693732
b25e7ef6449a,negative,negative,0.36987454939364967,positive,0.6371843845987688
35ccc3f9c5bc,positive,positive,0.648921491604301,positive,0.5146896985142574
44cdba9b077b,negative,negative,0.03769473752836583,negative,0.006165970581164207
3559f0f709c3,negative,negative,0.4036298673216373,positive,0.5780955855967733
4a062c1be5f3,negative,positive,0.5041404348615841,positive,0.5563382120456676
6ca675c09476,positive,positive,0.9431148935812679,positive,0.9308762252906203
b626de36806a,negative,negative,0.24032460033691455,negative,0.25564683767695795
46cf460ce9d0,positive,positive,0.9358788423448601,positive,0.9212029565385598
42ea29d29e17,negative,negative,0.3909179501776372,negative,0.441313575327972
8a8505ebc771,positive,positive,0.5546905099476407,positive,0.6330090791652656
c57cbc413368,positive,positive,0.6761900537689752,positive,0.7725456448601993
8f8d33a73a27,negative,negative,0.11508659772834993,negative,0.1755594103314366
02d79fea6143,negative,positive,0.8228702782161923,positive,0.8233344246310977
7a92c4244afc,positive,positive,0.8370061233736877,positive,0.8293266418306691
155892b213ef,negative,negative,0.10567595155588938,negative,0.09945331872955458
301df2567be6,negative,negative,0.10360298892374042,negative,0.04500184095997432
41874b6f15d5,negative,negative,0.08384708540840664,negative,0.06545305880670876
088f4ec2fc90,negative,negative,0.4698486209657333,negative,0.412475030347977
c39f4874c888,negative,negative,0.2437531605190586,negative,0.06284308672898561
9518df445891,negative,negative,0.2264957332309868,negative,0.11163355666048407
18d75c17ec95,negative,negative,0.3145224424125953,negative,0.17535558403967627
1e5bb26dbc63,negative,negative,0.14595461247600142,negative,0.07992023614843775
31bb3d9a36d8,positive,positive,0.790575902176368,positive,0.8232809024332447
0c57ca098af4,negative,negative,0.4492130439044506,negative,0.28804092123309416
c4347ec2804c,positive,positive,0.8181766557910158,positive,0.7737396329456604
2e4b1907082f,negative,negative,0.3176201895799516,negative,0.2221313254565639
